months,P3,P10,P25,P50,P75,P90,P97,,,,,,,,
0 ,45.6 ,46.8 ,47.9 ,49.1 ,50.4 ,51.5 ,52.7 ,,,,,,,,
1 ,50.0 ,51.2 ,52.4 ,53.7 ,55.0 ,56.2 ,57.4 ,,,,,,,,
2 ,53.2 ,54.5 ,55.7 ,57.1 ,58.4 ,59.7 ,60.9 ,,,,,,,,
3 ,55.8 ,57.1 ,58.4 ,59.8 ,61.2 ,62.5 ,63.8 ,,,,,,,,
4 ,58.0 ,59.3 ,60.6 ,62.1 ,63.5 ,64.9 ,66.2 ,,,,,,,,
5 ,59.9 ,61.2 ,62.5 ,64.0 ,65.5 ,66.9 ,68.2 ,,,,,,,,
6 ,61.5 ,62.8 ,64.2 ,65.7 ,67.3 ,68.6 ,70.0 ,,,,,,,,
7 ,62.9 ,64.3 ,65.7 ,67.3 ,68.8 ,70.3 ,71.6 ,,,,,,,,
8 ,64.3 ,65.7 ,67.2 ,68.7 ,70.3 ,71.8 ,73.2 ,,,,,,,,
9 ,65.6 ,67.1 ,68.5 ,70.1 ,71.8 ,73.2 ,74.7 ,,,,,,,,
10 ,66.8 ,68.3 ,69.8 ,71.5 ,73.1 ,74.6 ,76.1 ,,,,,,,,
11 ,68.0 ,69.5 ,71.1 ,72.8 ,74.5 ,76.0 ,77.5 ,,,,,,,,
12 ,69.2 ,70.7 ,72.3 ,74.0 ,75.8 ,77.3 ,78.9 ,,,,,,,,
13 ,70.3 ,71.9 ,73.4 ,75.2 ,77.0 ,78.6 ,80.2 ,,,,,,,,
14 ,71.0 ,72.9 ,74.6 ,76.4 ,78.2 ,79.8 ,81.4 ,,,,,,,,
15 ,72.4 ,74.0 ,75.5 ,77.5 ,79.4 ,81.0 ,82.7 ,,,,,,,,
16 ,73.3 ,75.0 ,76.7 ,78.6 ,80.5 ,82.2 ,83.9 ,,,,,,,,
17 ,74.3 ,76.0 ,77.7 ,79.7 ,81.6 ,83.3 ,85.0 ,,,,,,,,
18 ,75.2 ,77.0 ,78.7 ,80.7 ,82.7 ,84.4 ,86.2 ,,,,,,,,
19 ,76.2 ,77.9 ,79.7 ,81.7 ,83.7 ,85.5 ,87.3 ,,,,,,,,
20 ,77.0 ,78.8 ,80.7 ,82.7 ,84.7 ,86.6 ,88.4 ,,,,,,,,
21 ,77.9 ,79.7 ,81.6 ,83.7 ,85.7 ,87.6 ,89.4 ,,,,,,,,
22 ,78.7 ,80.6 ,82.5 ,84.6 ,86.7 ,88.6 ,90.5 ,,,,,,,,
23 ,79.6 ,81.5 ,83.4 ,85.5 ,87.7 ,89.6 ,91.5 ,,,,,,,,
24 ,80.3 ,82.3 ,84.2 ,86.4 ,88.6 ,90.5 ,92.5 ,,,,,,,,
25 ,80.4 ,82.4 ,84.4 ,86.6 ,88.8 ,90.8 ,92.8 ,,,,,,,,
26 ,81.2 ,83.2 ,85.2 ,87.4 ,89.7 ,91.7 ,93.7 ,,,,,,,,
27 ,81.9 ,84.0 ,86.0 ,88.3 ,90.6 ,92.6 ,94.6 ,,,,,,,,
28 ,82.6 ,84.7 ,86.8 ,89.1 ,91.4 ,93.5 ,95.6 ,,,,,,,,
29 ,83.4 ,85.4 ,87.6 ,89.9 ,92.2 ,94.4 ,96.4 ,,,,,,,,
30 ,84.0 ,86.2 ,88.0 ,90.7 ,93.1 ,95.2 ,97.3 ,,,,,,,,
31 ,84.7 ,86.9 ,89.0 ,91.4 ,93.9 ,96.0 ,98.2 ,,,,,,,,
32 ,85.4 ,87.5 ,89.7 ,92.2 ,94.6 ,96.8 ,99.0 ,,,,,,,,
33 ,86.0 ,88.2 ,90.4 ,92.9 ,95.4 ,97.6 ,99.8 ,,,,,,,,
34 ,86.7 ,88.9 ,91.1 ,93.6 ,96.2 ,98.4 ,100.6 ,,,,,,,,
35 ,87.0 ,89.5 ,91.8 ,94.4 ,96.9 ,99.2 ,101.4 ,,,,,,,,
36 ,87.9 ,90.2 ,92.5 ,95.1 ,97.6 ,99.9 ,102.2 ,,,,,,,,
37 ,88.5 ,90.8 ,93.1 ,95.7 ,98.3 ,100.7 ,103.0 ,,,,,,,,
38 ,89.1 ,91.4 ,93.8 ,96.4 ,99.0 ,101.4 ,103.7 ,,,,,,,,
39 ,89.7 ,92.0 ,94.4 ,97.1 ,99.7 ,102.1 ,104.5 ,,,,,,,,
40 ,90.0 ,92.7 ,95.1 ,97.7 ,100.4 ,102.8 ,105.2 ,,,,,,,,
41 ,90.8 ,93.3 ,95.7 ,98.4 ,101.1 ,103.6 ,106.0 ,,,,,,,,
42 ,91.4 ,93.8 ,96.3 ,99.0 ,101.8 ,104.2 ,106.7 ,,,,,,,,
43 ,92.0 ,94.4 ,96.9 ,99.7 ,102.4 ,104.9 ,107.4 ,,,,,,,,
44 ,92.5 ,95.0 ,97.5 ,100.3 ,103.1 ,105.6 ,108.1 ,,,,,,,,
45 ,93.0 ,95.6 ,98.1 ,100.9 ,103.7 ,106.3 ,108.8 ,,,,,,,,
46 ,93.6 ,96.1 ,98.7 ,101.5 ,104.4 ,106.9 ,109.5 ,,,,,,,,
47 ,94.1 ,96.7 ,99.3 ,102.1 ,105.0 ,107.6 ,110.2 ,,,,,,,,
48 ,94.6 ,97.2 ,99.8 ,102.7 ,105.6 ,108.2 ,110.8 ,,,,,,,,
49 ,95.1 ,97.8 ,100.4 ,103.3 ,106.3 ,108.9 ,111.5 ,,,,,,,,
50 ,95.7 ,98.3 ,100.9 ,103.9 ,106.9 ,109.5 ,112.1 ,,,,,,,,
51 ,96.2 ,98.8 ,101.5 ,104.5 ,107.5 ,110.1 ,112.8 ,,,,,,,,
52 ,96.7 ,99.8 ,102.0 ,105.5 ,108.1 ,111.2 ,113.4 ,,,,,,,,
53 ,97.2 ,99.9 ,102.6 ,105.6 ,108.6 ,111.4 ,114.1 ,,,,,,,,
54 ,97.6 ,100.4 ,103.1 ,106.2 ,109.2 ,112.0 ,114.7 ,,,,,,,,
55 ,98.1 ,100.9 ,103.6 ,106.7 ,109.8 ,112.6 ,115.3 ,,,,,,,,
56 ,98.6 ,101.4 ,104.2 ,107.3 ,110.4 ,113.2 ,116.0 ,,,,,,,,
57 ,99.1 ,101.9 ,104.7 ,107.8 ,111.0 ,113.8 ,116.6 ,,,,,,,,
58 ,99.6 ,102.4 ,105.2 ,108.4 ,111.5 ,114.4 ,117.2 ,,,,,,,,
59 ,100.0 ,102.9 ,105.7 ,108.9 ,112.1 ,114.9 ,117.8 ,,,,,,,,
60 ,100.5 ,103.3 ,106.2 ,109.4 ,112.6 ,115.5 ,118.4 ,,,,,,,,
61 ,100.6 ,103.5 ,106.4 ,109.6 ,112.8 ,115.7 ,118.6 ,,,,,,,,
62 ,101.1 ,104.0 ,106.9 ,110.1 ,113.4 ,116.3 ,119.2 ,,,,,,,,
63 ,101.5 ,104.5 ,107.4 ,110.6 ,113.9 ,116.8 ,119.7 ,,,,,,,,
64 ,102.0 ,104.9 ,107.9 ,111.2 ,114.4 ,117.4 ,120.3 ,,,,,,,,
65 ,102.4 ,105.4 ,108.4 ,111.7 ,115.0 ,117.9 ,120.9 ,,,,,,,,
66 ,102.9 ,105.9 ,108.8 ,112.2 ,115.5 ,118.5 ,121.5 ,,,,,,,,
67 ,103.3 ,106.3 ,109.3 ,112.7 ,116.0 ,119.0 ,122.0 ,,,,,,,,
68 ,103.8 ,106.8 ,109.8 ,113.2 ,116.5 ,119.6 ,122.6 ,,,,,,,,
69 ,104.2 ,107.2 ,110.3 ,113.7 ,117.1 ,120.1 ,123.1 ,,,,,,,,
70 ,104.6 ,107.7 ,110.7 ,114.2 ,117.6 ,120.6 ,123.7 ,,,,,,,,
71 ,105.1 ,108.1 ,111.2 ,114.6 ,118.1 ,121.2 ,124.2 ,,,,,,,,
72 ,105.5 ,108.6 ,111.7 ,115.1 ,118.6 ,121.7 ,124.8 ,,,,,,,,
73 ,105.9 ,109.0 ,112.1 ,115.6 ,119.1 ,122.2 ,125.3 ,,,,,,,,
74 ,106.3 ,109.5 ,112.6 ,116.1 ,119.6 ,122.7 ,125.8 ,,,,,,,,
75 ,106.8 ,109.9 ,113.0 ,116.6 ,120.1 ,123.2 ,126.4 ,,,,,,,,
76 ,107.2 ,110.3 ,113.5 ,117.0 ,120.6 ,123.7 ,126.9 ,,,,,,,,
77 ,107.6 ,110.8 ,114.0 ,117.5 ,121.1 ,124.2 ,127.4 ,,,,,,,,
78 ,108.0 ,111.2 ,114.4 ,118.0 ,121.5 ,124.8 ,127.9 ,,,,,,,,
79 ,108.4 ,111.6 ,114.9 ,118.4 ,122.0 ,125.3 ,128.5 ,,,,,,,,
80 ,108.9 ,112.1 ,115.3 ,118.9 ,122.5 ,125.8 ,129.0 ,,,,,,,,
81 ,109.3 ,112.5 ,115.8 ,119.4 ,123.0 ,126.3 ,129.5 ,,,,,,,,
82 ,109.7 ,112.9 ,116.2 ,119.9 ,123.5 ,126.8 ,130.0 ,,,,,,,,
83 ,110.1 ,113.4 ,116.7 ,120.3 ,124.0 ,127.3 ,130.6 ,,,,,,,,
84 ,110.5 ,113.8 ,117.1 ,120.8 ,124.5 ,127.8 ,131.1 ,,,,,,,,
85 ,110.9 ,114.2 ,117.5 ,121.2 ,124.8 ,128.2 ,131.5 ,,,,,,,,
86 ,111.4 ,114.5 ,117.8 ,121.5 ,125.1 ,128.5 ,131.8 ,,,,,,,,
87 ,111.8 ,114.9 ,118.2 ,121.9 ,125.4 ,128.9 ,132.2 ,,,,,,,,
88 ,112.2 ,115.3 ,118.6 ,122.3 ,125.6 ,129.3 ,132.6 ,,,,,,,,
89 ,112.7 ,115.6 ,118.9 ,122.6 ,125.9 ,129.6 ,132.9 ,,,,,,,,
90 ,113.1 ,116.0 ,119.3 ,123.0 ,126.2 ,130.0 ,133.3 ,,,,,,,,
91 ,113.5 ,116.5 ,119.8 ,123.5 ,126.7 ,130.5 ,133.8 ,,,,,,,,
92 ,114.0 ,116.9 ,120.2 ,123.9 ,127.2 ,131.0 ,134.4 ,,,,,,,,
93 ,114.4 ,117.4 ,120.7 ,124.4 ,127.7 ,131.5 ,134.9 ,,,,,,,,
94 ,114.8 ,117.8 ,121.1 ,124.9 ,128.2 ,132.0 ,135.4 ,,,,,,,,
95 ,115.3 ,118.3 ,121.6 ,125.3 ,128.7 ,132.5 ,136.0 ,,,,,,,,
96 ,115.7 ,118.7 ,122.0 ,125.8 ,129.2 ,133.0 ,136.5 ,,,,,,,,
97 ,116.1 ,119.2 ,122.5 ,126.3 ,129.7 ,133.5 ,137.1 ,,,,,,,,
98 ,116.6 ,119.6 ,123.0 ,126.7 ,130.2 ,134.0 ,137.7 ,,,,,,,,
99 ,117.0 ,120.1 ,123.5 ,127.2 ,130.7 ,134.5 ,138.3 ,,,,,,,,
100 ,117.4 ,120.6 ,124.0 ,127.6 ,131.2 ,135.0 ,138.8 ,,,,,,,,
101 ,117.9 ,121.0 ,124.5 ,128.1 ,131.7 ,135.5 ,139.4 ,,,,,,,,
102 ,118.3 ,121.5 ,125.0 ,128.5 ,132.2 ,136.0 ,140.0 ,,,,,,,,
103 ,118.7 ,121.9 ,125.4 ,129.0 ,132.7 ,136.6 ,140.6 ,,,,,,,,
104 ,119.1 ,122.3 ,125.8 ,129.4 ,133.3 ,137.2 ,141.2 ,,,,,,,,
105 ,119.5 ,122.8 ,126.3 ,129.9 ,133.8 ,137.8 ,141.8 ,,,,,,,,
106 ,119.9 ,123.2 ,126.7 ,130.4 ,134.3 ,138.3 ,142.3 ,,,,,,,,
107 ,120.3 ,123.6 ,127.1 ,130.8 ,134.9 ,138.9 ,142.9 ,,,,,,,,
108 ,120.7 ,124.0 ,127.5 ,131.3 ,135.4 ,139.5 ,143.5 ,,,,,,,,
109 ,121.1 ,124.4 ,127.9 ,131.8 ,135.9 ,140.1 ,144.1 ,,,,,,,,
110 ,121.5 ,124.8 ,128.3 ,132.2 ,136.4 ,140.7 ,144.7 ,,,,,,,,
111 ,121.9 ,125.3 ,128.8 ,132.7 ,137.0 ,141.3 ,145.3 ,,,,,,,,
112 ,122.2 ,125.7 ,129.2 ,133.1 ,137.5 ,141.8 ,145.8 ,,,,,,,,
113 ,122.6 ,126.1 ,129.6 ,133.6 ,138.0 ,142.4 ,146.4 ,,,,,,,,
114 ,123.0 ,126.5 ,130.0 ,134.0 ,138.5 ,143.0 ,147.0 ,,,,,,,,
115 ,123.5 ,127.0 ,130.5 ,134.6 ,139.1 ,143.6 ,147.6 ,,,,,,,,
116 ,123.9 ,127.4 ,131.0 ,135.2 ,139.8 ,144.2 ,148.3 ,,,,,,,,
117 ,124.4 ,127.9 ,131.5 ,135.8 ,140.4 ,144.8 ,148.9 ,,,,,,,,
118 ,124.9 ,128.3 ,132.0 ,136.3 ,141.0 ,145.3 ,149.5 ,,,,,,,,
119 ,125.3 ,128.8 ,132.5 ,136.9 ,141.7 ,145.9 ,150.2 ,,,,,,,,
120 ,125.8 ,129.2 ,133.0 ,137.5 ,142.3 ,146.5 ,150.8 ,,,,,,,,
121 ,126.3 ,129.7 ,133.5 ,138.1 ,142.9 ,147.1 ,151.4 ,,,,,,,,
122 ,126.7 ,130.1 ,134.0 ,138.7 ,143.5 ,147.7 ,152.0 ,,,,,,,,
123 ,127.2 ,130.6 ,134.5 ,139.3 ,144.2 ,148.3 ,152.7 ,,,,,,,,
124 ,127.6 ,131.1 ,135.0 ,139.8 ,144.8 ,148.8 ,153.3 ,,,,,,,,
125 ,128.1 ,131.5 ,135.5 ,140.4 ,145.4 ,149.4 ,153.9 ,,,,,,,,
126 ,128.5 ,132.0 ,136.0 ,141.0 ,146.0 ,150.0 ,154.5 ,,,,,,,,
127 ,129.1 ,132.6 ,136.6 ,141.6 ,146.6 ,150.5 ,155.0 ,,,,,,,,
128 ,129.6 ,133.2 ,137.3 ,142.2 ,147.1 ,151.1 ,155.4 ,,,,,,,,
129 ,130.2 ,133.8 ,137.9 ,142.8 ,147.7 ,151.6 ,155.9 ,,,,,,,,
130 ,130.7 ,134.3 ,138.5 ,143.3 ,148.3 ,152.1 ,156.4 ,,,,,,,,
131 ,131.3 ,134.9 ,139.2 ,143.9 ,148.8 ,152.7 ,156.8 ,,,,,,,,
132 ,131.8 ,135.5 ,139.8 ,144.5 ,149.4 ,153.2 ,157.3 ,,,,,,,,
133 ,132.3 ,136.1 ,140.4 ,145.1 ,150.0 ,153.7 ,157.8 ,,,,,,,,
134 ,132.9 ,136.7 ,141.0 ,145.7 ,150.5 ,154.2 ,158.2 ,,,,,,,,
135 ,133.4 ,137.3 ,141.7 ,146.3 ,151.1 ,154.8 ,158.7 ,,,,,,,,
136 ,133.9 ,137.8 ,142.3 ,146.8 ,151.6 ,155.3 ,159.1 ,,,,,,,,
137 ,134.5 ,138.4 ,142.9 ,147.4 ,152.2 ,155.8 ,159.6 ,,,,,,,,
138 ,135.0 ,139.0 ,143.5 ,148.0 ,152.7 ,156.3 ,160.0 ,,,,,,,,
139 ,135.5 ,139.5 ,144.0 ,148.4 ,153.1 ,156.7 ,160.3 ,,,,,,,,
140 ,136.0 ,140.0 ,144.4 ,148.8 ,153.4 ,157.0 ,160.6 ,,,,,,,,
141 ,136.5 ,140.5 ,144.9 ,149.3 ,153.8 ,157.4 ,160.9 ,,,,,,,,
142 ,136.9 ,141.0 ,145.4 ,149.7 ,154.2 ,157.8 ,161.2 ,,,,,,,,
143 ,137.4 ,141.5 ,145.8 ,150.1 ,154.5 ,158.1 ,161.5 ,,,,,,,,
144 ,137.9 ,142.0 ,146.3 ,150.5 ,154.9 ,158.5 ,161.8 ,,,,,,,,
145 ,138.4 ,142.5 ,146.8 ,150.9 ,155.3 ,158.8 ,162.1 ,,,,,,,,
146 ,138.9 ,143.0 ,147.2 ,151.3 ,155.6 ,159.0 ,162.4 ,,,,,,,,
147 ,139.4 ,143.5 ,147.7 ,151.8 ,156.0 ,159.3 ,162.7 ,,,,,,,,
148 ,139.8 ,144.0 ,148.1 ,152.2 ,156.3 ,159.5 ,162.9 ,,,,,,,,
149 ,140.3 ,144.5 ,148.6 ,152.6 ,156.7 ,159.8 ,163.2 ,,,,,,,,
150 ,140.8 ,145.0 ,149.0 ,153.0 ,157.0 ,160.0 ,163.5 ,,,,,,,,
151 ,141.2 ,145.3 ,149.3 ,153.3 ,157.2 ,160.3 ,163.7 ,,,,,,,,
152 ,141.6 ,145.7 ,149.6 ,153.5 ,157.5 ,160.5 ,163.9 ,,,,,,,,
153 ,142.0 ,146.0 ,149.9 ,153.8 ,157.7 ,160.8 ,164.2 ,,,,,,,,
154 ,142.4 ,146.3 ,150.1 ,154.0 ,157.9 ,161.0 ,164.4 ,,,,,,,,
155 ,142.8 ,146.7 ,150.4 ,154.3 ,158.2 ,161.3 ,164.6 ,,,,,,,,
156 ,143.2 ,147.0 ,150.7 ,154.5 ,158.4 ,161.5 ,164.8 ,,,,,,,,
157 ,143.6 ,147.3 ,151.0 ,154.8 ,158.6 ,161.8 ,165.0 ,,,,,,,,
158 ,144.0 ,147.7 ,151.3 ,155.0 ,158.8 ,162.0 ,165.2 ,,,,,,,,
159 ,144.4 ,148.0 ,151.6 ,155.3 ,159.1 ,162.3 ,165.4 ,,,,,,,,
160 ,144.7 ,148.3 ,151.8 ,155.5 ,159.3 ,162.5 ,165.6 ,,,,,,,,
161 ,145.1 ,148.7 ,152.1 ,155.8 ,159.5 ,162.8 ,165.8 ,,,,,,,,
162 ,145.5 ,149.0 ,152.4 ,156.0 ,159.7 ,163.0 ,166.0 ,,,,,,,,
163 ,145.7 ,149.2 ,152.5 ,156.1 ,159.8 ,163.1 ,166.2 ,,,,,,,,
164 ,145.9 ,149.3 ,152.7 ,156.3 ,159.9 ,163.2 ,166.3 ,,,,,,,,
165 ,146.2 ,149.5 ,152.8 ,156.4 ,160.1 ,163.4 ,166.5 ,,,,,,,,
166 ,146.4 ,149.7 ,152.9 ,156.5 ,160.2 ,163.5 ,166.7 ,,,,,,,,
167 ,146.6 ,149.8 ,153.1 ,156.7 ,160.3 ,163.6 ,166.8 ,,,,,,,,
168 ,146.8 ,150.0 ,153.2 ,156.8 ,160.4 ,163.7 ,167.0 ,,,,,,,,
169 ,147.0 ,150.2 ,153.3 ,156.9 ,160.5 ,163.8 ,167.2 ,,,,,,,,
170 ,147.2 ,150.3 ,153.5 ,157.0 ,160.6 ,163.9 ,167.3 ,,,,,,,,
171 ,147.4 ,150.5 ,153.6 ,157.2 ,160.7 ,164.1 ,167.5 ,,,,,,,,
172 ,147.6 ,150.7 ,153.7 ,157.3 ,160.8 ,164.2 ,167.6 ,,,,,,,,
173 ,147.8 ,150.8 ,153.9 ,157.4 ,160.9 ,164.3 ,167.8 ,,,,,,,,
174 ,148.0 ,151.0 ,154.0 ,157.5 ,161.0 ,164.4 ,167.9 ,,,,,,,,
175 ,148.1 ,151.1 ,154.1 ,157.6 ,161.1 ,164.5 ,168.0 ,,,,,,,,
176 ,148.2 ,151.2 ,154.2 ,157.6 ,161.2 ,164.5 ,168.0 ,,,,,,,,
177 ,148.4 ,151.3 ,154.3 ,157.7 ,161.3 ,164.6 ,168.1 ,,,,,,,,
178 ,148.5 ,151.3 ,154.3 ,157.8 ,161.3 ,164.6 ,168.1 ,,,,,,,,
179 ,148.6 ,151.4 ,154.4 ,157.8 ,161.4 ,164.7 ,168.2 ,,,,,,,,
180 ,148.7 ,151.5 ,154.5 ,157.9 ,161.5 ,164.7 ,168.2 ,,,,,,,,
181 ,148.8 ,151.6 ,154.6 ,158.0 ,161.6 ,164.8 ,168.3 ,,,,,,,,
182 ,148.9 ,151.7 ,154.7 ,158.0 ,161.7 ,164.8 ,168.3 ,,,,,,,,
183 ,149.0 ,151.8 ,154.8 ,158.1 ,161.8 ,164.9 ,168.4 ,,,,,,,,
184 ,149.0 ,151.8 ,154.8 ,158.2 ,161.8 ,164.9 ,168.4 ,,,,,,,,
185 ,149.1 ,151.9 ,154.9 ,158.2 ,161.9 ,165.0 ,168.5 ,,,,,,,,
186 ,149.2 ,152.0 ,155.0 ,158.3 ,162.0 ,165.0 ,168.5 ,,,,,,,,
187 ,149.3 ,152.1 ,155.1 ,158.4 ,162.1 ,165.1 ,168.6 ,,,,,,,,
188 ,149.4 ,152.1 ,155.1 ,158.4 ,162.1 ,165.2 ,168.6 ,,,,,,,,
189 ,149.5 ,152.2 ,155.2 ,158.5 ,162.2 ,165.3 ,168.7 ,,,,,,,,
190 ,149.5 ,152.2 ,155.2 ,158.6 ,162.2 ,165.3 ,168.7 ,,,,,,,,
191 ,149.6 ,152.3 ,155.3 ,158.6 ,162.3 ,165.4 ,168.8 ,,,,,,,,
192 ,149.7 ,152.3 ,155.3 ,158.7 ,162.3 ,165.5 ,168.8 ,,,,,,,,
193 ,149.8 ,152.3 ,155.3 ,158.8 ,162.3 ,165.6 ,168.8 ,,,,,,,,
194 ,149.8 ,152.4 ,155.4 ,158.8 ,162.4 ,165.7 ,168.9 ,,,,,,,,
195 ,149.9 ,152.4 ,155.4 ,158.9 ,162.4 ,165.8 ,168.9 ,,,,,,,,
196 ,149.9 ,152.4 ,155.4 ,158.9 ,162.4 ,165.8 ,168.9 ,,,,,,,,
197 ,150.0 ,152.5 ,155.5 ,159.0 ,162.5 ,165.9 ,169.0 ,,,,,,,,
198 ,150.0 ,152.5 ,155.5 ,159.0 ,162.5 ,166.0 ,169.0 ,,,,,,,,
199 ,150.0 ,152.6 ,155.6 ,159.1 ,162.6 ,166.0 ,169.0 ,,,,,,,,
200 ,150.0 ,152.6 ,155.6 ,159.1 ,162.6 ,166.0 ,169.0 ,,,,,,,,
201 ,150.0 ,152.7 ,155.7 ,159.2 ,162.7 ,166.0 ,169.0 ,,,,,,,,
202 ,150.0 ,152.7 ,155.7 ,159.2 ,162.7 ,166.0 ,169.0 ,,,,,,,,
203 ,150.0 ,152.8 ,155.8 ,159.3 ,162.8 ,166.0 ,169.0 ,,,,,,,,
204 ,150.0 ,152.8 ,155.8 ,159.3 ,162.8 ,166.0 ,169.0 ,,,,,,,,
205 ,150.0 ,152.8 ,155.8 ,159.3 ,162.8 ,166.0 ,169.0 ,,,,,,,,
206 ,150.0 ,152.9 ,155.9 ,159.4 ,162.9 ,166.0 ,169.0 ,,,,,,,,
207 ,150.0 ,152.9 ,155.9 ,159.4 ,162.9 ,166.0 ,169.0 ,,,,,,,,
208 ,150.0 ,152.9 ,155.9 ,159.4 ,162.9 ,166.0 ,169.0 ,,,,,,,,
209 ,150.0 ,153.0 ,156.0 ,159.5 ,163.0 ,166.0 ,169.0 ,,,,,,,,
210 ,150.0 ,153.0 ,156.0 ,159.5 ,163.0 ,166.0 ,169.0 ,,,,,,,,
211 ,150.0 ,153.0 ,156.0 ,159.5 ,163.0 ,166.0 ,169.0 ,,,,,,,,
212 ,150.0 ,153.0 ,156.0 ,159.5 ,163.0 ,166.0 ,169.0 ,,,,,,,,
213 ,150.0 ,153.0 ,156.0 ,159.5 ,163.0 ,166.0 ,169.0 ,,,,,,,,
214 ,150.0 ,153.0 ,156.0 ,159.5 ,163.0 ,166.0 ,169.0 ,,,,,,,,
215 ,150.0 ,153.0 ,156.0 ,159.5 ,163.0 ,166.0 ,169.0 ,,,,,,,,
216 ,150.0 ,153.0 ,156.0 ,159.5 ,163.0 ,166.0 ,169.0 ,,,,,,,,
217 ,150.0 ,153.0 ,156.0 ,159.5 ,163.0 ,166.0 ,169.0 ,,,,,,,,
218 ,150.0 ,153.0 ,156.0 ,159.5 ,163.0 ,166.0 ,169.0 ,,,,,,,,
219 ,150.0 ,153.0 ,156.0 ,159.5 ,163.0 ,166.0 ,169.0 ,,,,,,,,
220 ,150.0 ,153.0 ,156.0 ,159.5 ,163.0 ,166.0 ,169.0 ,,,,,,,,
221 ,150.0 ,153.0 ,156.0 ,159.5 ,163.0 ,166.0 ,169.0 ,,,,,,,,
222 ,150.0 ,153.0 ,156.0 ,159.5 ,163.0 ,166.0 ,169.0 ,,,,,,,,
,,,,,,,,,,,,,,,
,,,,,,,,,,,,,,,
,,,,,,,,,,,,,,,
,,,,,,,,,,,,,,,
,,,,,,,,,,,,,,,
,,,,,,,,,,,,,,,
