months,P3,P15,P25,P50,P75,P85,P97
0,2.5 ,2.9 ,3.0 ,3.3 ,3.7 ,3.9 ,4.3 
1,3.4 ,3.9 ,4.1 ,4.5 ,4.9 ,5.1 ,5.7 
2,4.4 ,4.9 ,5.1 ,5.6 ,6.0 ,6.3 ,7.0 
3,5.1 ,5.6 ,5.9 ,6.4 ,6.9 ,7.2 ,7.9 
4,5.6 ,6.2 ,6.5 ,7.0 ,7.6 ,7.9 ,8.6 
5,6.1 ,6.7 ,7.0 ,7.5 ,8.1 ,8.4 ,9.2 
6,6.4 ,7.1 ,7.4 ,7.9 ,8.5 ,8.9 ,9.7 
7,6.7 ,7.4 ,7.7 ,8.3 ,8.9 ,9.3 ,10.2 
8,7.0 ,7.7 ,8.0 ,8.6 ,9.3 ,9.6 ,10.5 
9,7.2 ,7.9 ,8.3 ,8.9 ,9.6 ,10.0 ,10.9 
10,7.5 ,8.2 ,8.5 ,9.2 ,9.9 ,10.3 ,11.2 
11,7.7 ,8.4 ,8.7 ,9.4 ,10.1 ,10.5 ,11.5 
12,7.8 ,8.6 ,9.0 ,9.6 ,10.4 ,10.8 ,11.8 
13,8.0 ,8.8 ,9.2 ,9.9 ,10.6 ,11.1 ,12.1 
14,8.2 ,9.0 ,9.4 ,10.1 ,10.9 ,11.3 ,12.4 
15,8.4 ,9.2 ,9.6 ,10.3 ,11.1 ,11.6 ,12.7 
16,8.5 ,9.4 ,9.8 ,10.5 ,11.3 ,11.8 ,12.9 
17,8.7 ,9.6 ,10.0 ,10.7 ,11.5 ,12.0 ,13.2 
18,8.9 ,9.7 ,10.1 ,10.9 ,11.8 ,12.3 ,13.5 
19,9.0 ,9.9 ,10.3 ,11.1 ,12.0 ,12.5 ,13.7 
20,9.2 ,10.1 ,10.5 ,11.3 ,12.2 ,12.7 ,14.0 
21,9.3 ,10.3 ,10.7 ,11.5 ,12.5 ,13.0 ,14.3 
22,9.5 ,10.5 ,10.9 ,11.8 ,12.7 ,13.2 ,14.5 
23,9.7 ,10.6 ,11.1 ,12.0 ,12.9 ,13.4 ,14.8 
24,9.8 ,10.8 ,11.3 ,12.2 ,13.1 ,13.7 ,15.1 
25,10.0 ,11.0 ,11.4 ,12.4 ,13.3 ,13.9 ,15.3 
26,10.1 ,11.1 ,11.6 ,12.5 ,13.6 ,14.1 ,15.6 
27,10.2 ,11.3 ,11.8 ,12.7 ,13.8 ,14.4 ,15.9 
28,10.4 ,11.5 ,12.0 ,12.9 ,14.0 ,14.6 ,16.2 
29,10.5 ,11.6 ,12.1 ,13.1 ,14.2 ,14.8 ,16.4 
30,10.7 ,11.8 ,12.3 ,13.3 ,14.4 ,15.0 ,16.6 
31,10.8 ,11.9 ,12.4 ,13.5 ,14.6 ,15.2 ,16.9 
32,10.9 ,12.1 ,12.6 ,13.7 ,14.8 ,15.5 ,17.1 
33,11.1 ,12.2 ,12.8 ,13.8 ,15.0 ,15.7 ,17.3 
34,11.2 ,12.4 ,12.9 ,14.0 ,15.2 ,15.9 ,17.6 
35,11.3 ,12.5 ,13.1 ,14.2 ,15.4 ,16.1 ,17.8 
36,11.4 ,12.7 ,13.2 ,14.3 ,15.6 ,16.3 ,18.0 
37,11.6 ,12.8 ,13.4 ,14.5 ,15.8 ,16.5 ,18.3 
38,11.7 ,12.9 ,13.5 ,14.7 ,15.9 ,16.7 ,18.5 
39,11.8 ,13.1 ,13.7 ,14.8 ,16.1 ,16.9 ,18.7 
40,11.9 ,13.2 ,13.8 ,15.0 ,16.3 ,17.1 ,19.0 
41,12.1 ,13.4 ,14.0 ,15.2 ,16.5 ,17.3 ,19.2 
42,12.2 ,13.5 ,14.1 ,15.3 ,16.7 ,17.5 ,19.4 
43,12.3 ,13.6 ,14.3 ,15.5 ,16.9 ,17.7 ,19.7 
44,12.4 ,13.8 ,14.4 ,15.7 ,17.1 ,17.9 ,19.9 
45,12.5 ,13.9 ,14.6 ,15.8 ,17.3 ,18.1 ,20.1 
46,12.7 ,14.1 ,14.7 ,16.0 ,17.4 ,18.3 ,20.4 
47,12.8 ,14.2 ,14.9 ,16.2 ,17.6 ,18.5 ,20.6 
48,12.9 ,14.3 ,15.0 ,16.3 ,17.8 ,18.7 ,20.9 
49,13.0 ,14.5 ,15.2 ,16.5 ,18.0 ,18.9 ,21.1 
50,13.1 ,14.6 ,15.3 ,16.7 ,18.2 ,19.1 ,21.3 
51,13.3 ,14.7 ,15.4 ,16.8 ,18.4 ,19.3 ,21.6 
52,13.4 ,14.9 ,15.6 ,17.0 ,18.6 ,19.5 ,21.8 
53,13.5 ,15.0 ,15.7 ,17.2 ,18.8 ,19.7 ,22.1 
54,13.6 ,15.2 ,15.9 ,17.3 ,19.0 ,19.9 ,22.3 
55,13.7 ,15.3 ,16.0 ,17.5 ,19.2 ,20.1 ,22.5 
56,13.8 ,15.4 ,16.2 ,17.7 ,19.3 ,20.3 ,22.8 
57,13.9 ,15.6 ,16.3 ,17.8 ,19.5 ,20.5 ,23.0 
58,14.1 ,15.7 ,16.5 ,18.0 ,19.7 ,20.7 ,23.3 
59,14.2 ,15.8 ,16.6 ,18.2 ,19.9 ,20.9 ,23.5 
60,14.3 ,16.0 ,16.7 ,18.3 ,20.1 ,21.1 ,23.8 
61,14.5 ,16.2 ,16.9 ,18.5 ,20.4 ,21.4 ,24.3 
62,14.6 ,16.4 ,17.1 ,18.8 ,20.6 ,21.7 ,24.7 
63,14.8 ,16.6 ,17.3 ,19.0 ,20.9 ,22.0 ,25.2 
64,15.0 ,16.7 ,17.5 ,19.2 ,21.1 ,22.3 ,25.6 
65,15.1 ,16.9 ,17.7 ,19.4 ,21.4 ,22.6 ,26.1 
66,15.3 ,17.1 ,17.9 ,19.6 ,21.6 ,22.9 ,26.5 
67,15.5 ,17.3 ,18.1 ,19.8 ,21.9 ,23.2 ,27.0 
68,15.6 ,17.5 ,18.3 ,20.0 ,22.1 ,23.5 ,27.4 
69,15.8 ,17.7 ,18.5 ,20.3 ,22.4 ,23.8 ,27.9 
70,16.0 ,17.8 ,18.6 ,20.5 ,22.7 ,24.1 ,28.3 
71,16.1 ,18.0 ,18.8 ,20.7 ,22.9 ,24.4 ,28.8 
72,16.3 ,18.2 ,19.0 ,20.9 ,23.2 ,24.7 ,29.2 
73,16.5 ,18.4 ,19.2 ,21.1 ,23.5 ,25.0 ,29.6 
74,16.7 ,18.6 ,19.4 ,21.4 ,23.7 ,25.3 ,30.1 
75,16.9 ,18.8 ,19.6 ,21.6 ,24.0 ,25.6 ,30.5 
76,17.0 ,18.9 ,19.8 ,21.8 ,24.2 ,25.8 ,30.9 
77,17.2 ,19.1 ,20.0 ,22.1 ,24.5 ,26.1 ,31.4 
78,17.4 ,19.3 ,20.2 ,22.3 ,24.7 ,26.4 ,31.8 
79,17.6 ,19.5 ,20.4 ,22.5 ,25.0 ,26.7 ,32.3 
80,17.7 ,19.7 ,20.6 ,22.7 ,25.2 ,27.0 ,32.7 
81,17.9 ,19.9 ,20.8 ,23.0 ,25.5 ,27.3 ,33.2 
82,18.1 ,20.0 ,20.9 ,23.2 ,25.8 ,27.6 ,33.6 
83,18.2 ,20.2 ,21.1 ,23.4 ,26.0 ,27.9 ,34.1 
84,18.4 ,20.4 ,21.3 ,23.6 ,26.3 ,28.2 ,34.5 
85,18.6 ,20.6 ,21.5 ,23.8 ,26.6 ,28.5 ,34.9 
86,18.7 ,20.8 ,21.7 ,24.0 ,26.8 ,28.8 ,35.3 
87,18.9 ,21.0 ,21.9 ,24.3 ,27.1 ,29.1 ,35.7 
88,19.1 ,21.1 ,22.1 ,24.5 ,27.3 ,29.4 ,36.0 
89,19.2 ,21.3 ,22.3 ,24.7 ,27.6 ,29.7 ,36.4 
90,19.4 ,21.5 ,22.5 ,24.9 ,27.8 ,30.0 ,36.8 
91,19.6 ,21.7 ,22.7 ,25.1 ,28.1 ,30.3 ,37.2 
92,19.7 ,21.9 ,22.9 ,25.4 ,28.4 ,30.7 ,37.5 
93,19.9 ,22.1 ,23.2 ,25.6 ,28.7 ,31.0 ,37.9 
94,20.0 ,22.3 ,23.4 ,25.8 ,28.9 ,31.3 ,38.3 
95,20.2 ,22.5 ,23.6 ,26.1 ,29.2 ,31.7 ,38.6 
96,20.3 ,22.7 ,23.8 ,26.3 ,29.5 ,32.0 ,39.0 
97,20.5 ,22.9 ,24.0 ,26.5 ,29.8 ,32.3 ,39.4 
98,20.6 ,23.1 ,24.2 ,26.7 ,30.0 ,32.6 ,39.7 
99,20.8 ,23.3 ,24.4 ,27.0 ,30.3 ,33.0 ,40.1 
100,20.9 ,23.4 ,24.6 ,27.2 ,30.5 ,33.3 ,40.5 
101,21.1 ,23.6 ,24.8 ,27.4 ,30.8 ,33.6 ,40.8 
102,21.2 ,23.8 ,25.0 ,27.6 ,31.0 ,33.9 ,41.2 
103,21.4 ,24.0 ,25.2 ,27.8 ,31.3 ,34.2 ,41.6 
104,21.5 ,24.1 ,25.3 ,28.0 ,31.6 ,34.5 ,41.9 
105,21.7 ,24.3 ,25.5 ,28.2 ,31.9 ,34.8 ,42.3 
106,21.8 ,24.5 ,25.7 ,28.4 ,32.1 ,35.1 ,42.7 
107,22.0 ,24.6 ,25.8 ,28.6 ,32.4 ,35.4 ,43.0 
108,22.1 ,24.8 ,26.0 ,28.8 ,32.7 ,35.7 ,43.4 
109,22.3 ,25.0 ,26.2 ,29.0 ,33.0 ,36.0 ,43.8 
110,22.4 ,25.1 ,26.3 ,29.2 ,33.2 ,36.3 ,44.1 
111,22.6 ,25.3 ,26.5 ,29.4 ,33.5 ,36.6 ,44.5 
112,22.7 ,25.5 ,26.7 ,29.6 ,33.8 ,36.9 ,44.9 
113,22.9 ,25.6 ,26.8 ,29.8 ,34.0 ,37.2 ,45.2 
114,23.0 ,25.8 ,27.0 ,30.0 ,34.3 ,37.5 ,45.6 
115,23.2 ,26.0 ,27.2 ,30.3 ,34.6 ,37.8 ,46.1 
116,23.3 ,26.2 ,27.5 ,30.5 ,34.9 ,38.1 ,46.6 
117,23.5 ,26.4 ,27.7 ,30.8 ,35.2 ,38.5 ,47.1 
118,23.7 ,26.5 ,27.9 ,31.0 ,35.4 ,38.8 ,47.6 
119,23.8 ,26.7 ,28.2 ,31.3 ,35.7 ,39.1 ,48.1 
120,24.0 ,26.9 ,28.4 ,31.5 ,36.0 ,39.4 ,48.6 
121,24.2 ,27.1 ,28.6 ,31.8 ,36.3 ,39.8 ,49.1 
122,24.3 ,27.3 ,28.9 ,32.0 ,36.7 ,40.2 ,49.6 
123,24.5 ,27.5 ,29.1 ,32.3 ,37.0 ,40.6 ,50.1 
124,24.7 ,27.6 ,29.3 ,32.5 ,37.3 ,41.0 ,50.6 
125,24.8 ,27.8 ,29.6 ,32.8 ,37.7 ,41.4 ,51.1 
126,25.0 ,28.0 ,29.8 ,33.0 ,38.0 ,41.8 ,51.6 
127,25.2 ,28.3 ,30.1 ,33.4 ,38.5 ,42.3 ,52.1 
128,25.4 ,28.5 ,30.3 ,33.8 ,38.9 ,42.8 ,52.7 
129,25.7 ,28.8 ,30.6 ,34.2 ,39.4 ,43.3 ,53.2 
130,25.9 ,29.1 ,30.9 ,34.5 ,39.9 ,43.7 ,53.7 
131,26.1 ,29.3 ,31.1 ,34.9 ,40.3 ,44.2 ,54.3 
132,26.3 ,29.6 ,31.4 ,35.3 ,40.8 ,44.7 ,54.8 
133,26.5 ,29.9 ,31.7 ,35.7 ,41.3 ,45.2 ,55.3 
134,26.7 ,30.1 ,31.9 ,36.1 ,41.7 ,45.6 ,55.9 
135,27.0 ,30.4 ,32.2 ,36.5 ,42.2 ,46.1 ,56.4 
136,27.2 ,30.7 ,32.5 ,36.8 ,42.6 ,46.6 ,56.9 
137,27.4 ,30.9 ,32.7 ,37.2 ,43.1 ,47.0 ,57.5 
138,27.6 ,31.2 ,33.0 ,37.6 ,43.5 ,47.5 ,58.0 
139,27.8 ,31.5 ,33.4 ,38.1 ,44.0 ,48.0 ,58.6 
140,28.1 ,31.8 ,33.7 ,38.5 ,44.5 ,48.5 ,59.2 
141,28.3 ,32.2 ,34.1 ,39.0 ,45.0 ,49.0 ,59.8 
142,28.5 ,32.5 ,34.5 ,39.4 ,45.5 ,49.4 ,60.3 
143,28.8 ,32.8 ,34.8 ,39.9 ,46.0 ,49.9 ,60.9 
144,29.0 ,33.1 ,35.2 ,40.3 ,46.5 ,50.4 ,61.5 
145,29.3 ,33.4 ,35.6 ,40.8 ,47.0 ,50.9 ,62.1 
146,29.5 ,33.7 ,35.9 ,41.2 ,47.5 ,51.4 ,62.7 
147,29.8 ,34.1 ,36.3 ,41.7 ,48.0 ,52.0 ,63.3 
148,30.0 ,34.4 ,36.6 ,42.1 ,48.5 ,52.5 ,63.8 
149,30.3 ,34.7 ,37.0 ,42.6 ,49.0 ,53.0 ,64.4 
150,30.5 ,35.0 ,37.3 ,43.0 ,49.5 ,53.5 ,65.0 
151,30.8 ,35.5 ,37.9 ,43.6 ,50.1 ,54.1 ,65.6 
152,31.2 ,36.0 ,38.4 ,44.2 ,50.7 ,54.7 ,66.2 
153,31.5 ,36.5 ,39.0 ,44.8 ,51.3 ,55.3 ,66.8 
154,31.8 ,37.0 ,39.6 ,45.3 ,51.8 ,55.8 ,67.3 
155,32.2 ,37.5 ,40.1 ,45.9 ,52.4 ,56.4 ,67.9 
156,32.5 ,38.0 ,40.7 ,46.5 ,53.0 ,57.0 ,68.5 
157,32.9 ,38.5 ,41.3 ,47.1 ,53.6 ,57.6 ,69.1 
158,33.3 ,39.0 ,41.8 ,47.7 ,54.1 ,58.1 ,69.7 
159,33.8 ,39.5 ,42.4 ,48.3 ,54.7 ,58.7 ,70.4 
160,34.2 ,40.0 ,42.9 ,48.8 ,55.3 ,59.3 ,71.0 
161,34.6 ,40.5 ,43.5 ,49.4 ,55.8 ,59.8 ,71.6 
162,35.0 ,41.0 ,44.0 ,50.0 ,56.4 ,60.4 ,72.2 
163,35.5 ,41.5 ,44.5 ,50.4 ,56.8 ,60.8 ,72.6 
164,36.0 ,42.0 ,44.9 ,50.8 ,57.3 ,61.3 ,73.0 
165,36.5 ,42.5 ,45.4 ,51.3 ,57.7 ,61.7 ,73.4 
166,37.0 ,43.0 ,45.9 ,51.7 ,58.1 ,62.1 ,73.7 
167,37.5 ,43.5 ,46.3 ,52.1 ,58.6 ,62.6 ,74.1 
168,38.0 ,44.0 ,46.8 ,52.5 ,59.0 ,63.0 ,74.5 
169,38.5 ,44.5 ,47.3 ,52.9 ,59.3 ,63.3 ,74.8 
170,39.0 ,45.0 ,47.7 ,53.3 ,59.7 ,63.7 ,75.1 
171,39.5 ,45.5 ,48.2 ,53.7 ,60.0 ,64.0 ,75.5 
172,40.0 ,46.0 ,48.6 ,54.1 ,60.3 ,64.3 ,75.8 
173,40.5 ,46.5 ,49.1 ,54.5 ,60.7 ,64.7 ,76.1 
174,41.0 ,47.0 ,49.5 ,54.9 ,61.0 ,65.0 ,76.4 
175,41.3 ,47.3 ,49.8 ,55.2 ,61.3 ,65.3 ,76.6 
176,41.7 ,47.7 ,50.2 ,55.4 ,61.5 ,65.5 ,76.8 
177,42.0 ,48.0 ,50.5 ,55.7 ,61.8 ,65.8 ,77.0 
178,42.3 ,48.3 ,50.8 ,56.0 ,62.0 ,66.0 ,77.2 
179,42.7 ,48.7 ,51.2 ,56.2 ,62.3 ,66.3 ,77.4 
180,43.0 ,49.0 ,51.5 ,56.5 ,62.5 ,66.5 ,77.6 
181,43.3 ,49.3 ,51.8 ,56.8 ,62.8 ,66.8 ,77.8 
182,43.7 ,49.6 ,52.0 ,57.0 ,63.0 ,67.0 ,77.9 
183,44.0 ,49.9 ,52.3 ,57.3 ,63.3 ,67.3 ,78.1 
184,44.3 ,50.2 ,52.5 ,57.5 ,63.5 ,67.5 ,78.2 
185,44.7 ,50.5 ,52.8 ,57.8 ,63.8 ,67.8 ,78.4 
186,45.0 ,50.8 ,53.0 ,58.0 ,64.0 ,68.0 ,78.5 
187,45.3 ,51.0 ,53.2 ,58.2 ,64.2 ,68.2 ,78.6 
188,45.6 ,51.2 ,53.4 ,58.3 ,64.3 ,68.3 ,78.8 
189,45.9 ,51.4 ,53.6 ,58.5 ,64.5 ,68.5 ,78.9 
190,46.2 ,51.6 ,53.7 ,58.7 ,64.7 ,68.7 ,79.0 
191,46.5 ,51.8 ,53.9 ,58.8 ,64.8 ,68.8 ,79.2 
192,46.8 ,52.0 ,54.1 ,59.0 ,65.0 ,69.0 ,79.3 
193,47.1 ,52.2 ,54.3 ,59.2 ,65.2 ,69.1 ,79.4 
194,47.4 ,52.3 ,54.4 ,59.3 ,65.3 ,69.2 ,79.5 
195,47.7 ,52.5 ,54.6 ,59.5 ,65.5 ,69.4 ,79.6 
196,47.9 ,52.7 ,54.8 ,59.7 ,65.7 ,69.5 ,79.6 
197,48.2 ,52.8 ,54.9 ,59.8 ,65.8 ,69.6 ,79.7 
198,48.5 ,53.0 ,55.1 ,60.0 ,66.0 ,69.7 ,79.8 
199,48.6 ,53.2 ,55.3 ,60.2 ,66.1 ,69.8 ,79.8 
200,48.8 ,53.3 ,55.4 ,60.3 ,66.2 ,69.8 ,79.9 
201,48.9 ,53.5 ,55.6 ,60.5 ,66.3 ,69.9 ,79.9 
202,49.0 ,53.7 ,55.8 ,60.7 ,66.4 ,69.9 ,79.9 
203,49.2 ,53.8 ,55.9 ,60.8 ,66.5 ,70.0 ,80.0 
204,49.3 ,54.0 ,56.1 ,61.0 ,66.6 ,70.0 ,80.0 
205,49.4 ,54.1 ,56.3 ,61.2 ,66.7 ,70.1 ,80.0 
206,49.5 ,54.2 ,56.4 ,61.3 ,66.8 ,70.1 ,80.0 
207,49.7 ,54.4 ,56.6 ,61.5 ,66.9 ,70.2 ,80.0 
208,49.8 ,54.5 ,56.7 ,61.7 ,67.0 ,70.2 ,80.0 
209,49.9 ,54.6 ,56.9 ,61.8 ,67.1 ,70.3 ,80.0 
210,50.0 ,54.7 ,57.0 ,62.0 ,67.2 ,70.3 ,80.0 
211,50.1 ,54.8 ,57.1 ,62.1 ,67.3 ,70.3 ,80.0 
212,50.1 ,54.8 ,57.2 ,62.2 ,67.3 ,70.4 ,80.0 
213,50.2 ,54.9 ,57.3 ,62.3 ,67.4 ,70.4 ,80.0 
214,50.2 ,54.9 ,57.3 ,62.3 ,67.5 ,70.4 ,80.0 
215,50.3 ,55.0 ,57.4 ,62.4 ,67.5 ,70.5 ,80.0 
216,50.3 ,55.0 ,57.5 ,62.5 ,67.6 ,70.5 ,80.0 
217,50.3 ,55.0 ,57.6 ,62.6 ,67.7 ,70.6 ,80.0 
218,50.4 ,55.0 ,57.7 ,62.7 ,67.7 ,70.7 ,80.0 
219,50.4 ,55.0 ,57.8 ,62.8 ,67.8 ,70.8 ,80.0 
220,50.4 ,55.0 ,57.8 ,62.8 ,67.9 ,70.8 ,80.0 
221,50.5 ,55.0 ,57.9 ,62.9 ,67.9 ,70.9 ,80.0 
222,50.5 ,55.0 ,58.0 ,63.0 ,68.0 ,71.0 ,80.0 
